{"data_time": 0.004092443268746138, "eta_seconds": 40896.61795768887, "iteration": 19, "loss_fcos_bezier": 0.10519718378782272, "loss_fcos_cls": 0.11606858298182487, "loss_fcos_ctr": 0.6154816448688507, "loss_fcos_loc": 0.15553058683872223, "lr": 1.9981e-05, "rec_loss": 18.8884334564209, "time": 0.4090479891747236, "total_loss": 19.98570752888918}
{"data_time": 0.004689066670835018, "eta_seconds": 41533.37321598083, "iteration": 39, "loss_fcos_bezier": 0.16877350211143494, "loss_fcos_cls": 0.1660885214805603, "loss_fcos_ctr": 0.6251789629459381, "loss_fcos_loc": 0.23585468530654907, "lr": 3.9961e-05, "rec_loss": 3.2006592750549316, "time": 0.4305384121835232, "total_loss": 4.689733125269413}
{"data_time": 0.004604976158589125, "eta_seconds": 41587.028443757445, "iteration": 59, "loss_fcos_bezier": 0.10028677806258202, "loss_fcos_cls": 0.13433105498552322, "loss_fcos_ctr": 0.6193994879722595, "loss_fcos_loc": 0.16383029520511627, "lr": 5.9940999999999994e-05, "rec_loss": 1.6296178102493286, "time": 0.43683255836367607, "total_loss": 2.7541743218898773}
{"data_time": 0.004601902328431606, "eta_seconds": 42881.701381243765, "iteration": 79, "loss_fcos_bezier": 0.09703243896365166, "loss_fcos_cls": 0.10978211835026741, "loss_fcos_ctr": 0.6184099614620209, "loss_fcos_loc": 0.1705150306224823, "lr": 7.992100000000001e-05, "rec_loss": 1.266369879245758, "time": 0.46487113693729043, "total_loss": 2.4030231293290854}
{"data_time": 0.004548281896859407, "eta_seconds": 42873.11817440204, "iteration": 99, "loss_fcos_bezier": 0.10832766816020012, "loss_fcos_cls": 0.13877350836992264, "loss_fcos_ctr": 0.6160556375980377, "loss_fcos_loc": 0.18673175573349, "lr": 9.9901e-05, "rec_loss": 1.0409420132637024, "time": 0.4287377679720521, "total_loss": 2.166007000952959}
